{"stats":{"minecraft:killed":{"minecraft:pig":1},"minecraft:mined":{"minecraft:tall_grass":9,"minecraft:grass":7,"minecraft:grass_block":4},"minecraft:custom":{"minecraft:jump":89,"minecraft:time_since_rest":2506,"minecraft:leave_game":1,"minecraft:damage_dealt":100,"minecraft:crouch_one_cm":55,"minecraft:sprint_one_cm":13512,"minecraft:play_time":2506,"minecraft:walk_on_water_one_cm":204,"minecraft:time_since_death":2506,"minecraft:walk_one_cm":3481,"minecraft:sneak_time":6,"minecraft:total_world_time":2506,"minecraft:walk_under_water_one_cm":446,"minecraft:mob_kills":1,"minecraft:swim_one_cm":3538,"minecraft:fall_one_cm":2473,"minecraft:fly_one_cm":19035},"minecraft:picked_up":{"minecraft:dirt":4,"minecraft:porkchop":1}},"DataVersion":3465}